Ref,Qty,Part,Key spec,Notes,Link to Buy
U3,1,ESP32 DevKit v1,"ESP32-WROOM-32, USB, 3V3 and VIN pins",30-pin or 38-pin both work,http://amazon.com/Development-Compatible-Supports-Dual-Core-Microcontroller/dp/B0FPLS7XDM/ref=sr_1_1_sspa?dib=eyJ2IjoiMSJ9.XBINg-sjhfF_gUtnMiKGjlYIs5fbGLEtV5OoF1sxMf3iiu8sj6_LBJ6fiaWHBlPR0hyi-FruUfkEvW4sCLhdXWCoXDFxOynsktbPHdS2aCFrHe4mvGtP5cRPNzIvE12yT_w_SFuN38Y99Zg36TrolItPZWWNBcobQVj-O26oQewYTPBkMTMhvk-v1nFn0NFOnj-CIeJWuZQ9pDB1jz-ra01bg29hfvSKcw600gyxtvM.T3kg_I2sLHeY7-W3xSmypnN2UuyBfATmOW6iFclRmeo&dib_tag=se&keywords=esp32%2Bdevkit%2Bv1&qid=1790949135&sr=8-1-spons&sp_csd=d2lkZ2V0TmFtZT1zcF9hdGY&th=1
ENC1,1,Rotary encoder,"600 P/R, 2-channel, NPN open-collector, 5-24 V, 6 mm shaft",,https://www.amazon.com/dp/B07JM9YRTQ?lv=shuf&channelId=500&plpRedirect=mhFallback
DS1,1,OLED display,"SSD1306, 0.96 in, 128x64, I2C",Firmware uses address 0x3C,amazon.com/UCTRONICS-SSD1306-Self-Luminous-Display-Raspberry/dp/B072Q2X2LL/ref=sr_1_6?crid=3DOX8Y4UI2PD6&dib=eyJ2IjoiMSJ9.z259gjIsNpIAfONgHGpTbSRqoqPFDFXhWZRag8Bblgf4_0T06BFWpd2v7jx2iUymEyqv1FezfHEzqE_sTzU-TVdDscfZy7ZZ69cgJI0-vkZ_2_5oocDjsiddisiYbPTWiEp0MKLVdsu6boR2DG2ubOv-elv5FY_U-ATUU9SR3mC2mE51OYS6bWM72Ub06_ofopWxcF1VX9CpeYeNmFi8sbJeN4LFR0jhabFZz91flq4.BYX3qmEq7juO6cMsYyJv2QjN2FNC9sa0lZnExs5kk6Y&dib_tag=se&keywords=SSD1306%2C+0.96+in%2C+128x64%2C+I2C&qid=1790949157&sprefix=ssd1306%2C+0.96+in%2C+128x64%2C+i2c%2Caps%2C177&sr=8-6
BT1,1,18650 cell (protected),"Li-ion about 3000 mAh, built-in protection board",Check length fits the holder,https://www.18650batterystore.com/products/samsung-30q
,1,Single 18650 holder,,,https://www.amazon.com/FORIOT-Battery-Compartment-Support-Charging/dp/B0CJR1Y967/ref=sxin_15_pa_sp_search_thematic_sspa?content-id=amzn1.sym.4e6e4604-30c2-4a55-84df-0e41b8f895e4%3Aamzn1.sym.4e6e4604-30c2-4a55-84df-0e41b8f895e4&cv_ct_cx=18650%2Brechargeable%2Bbattery%2Bholder&keywords=18650%2Brechargeable%2Bbattery%2Bholder&pd_rd_i=B0CJR1Y967&pd_rd_r=48f565b3-f2cb-4d26-a48b-9a71422ff174&pd_rd_w=U5nQM&pd_rd_wg=4wutT&pf_rd_p=4e6e4604-30c2-4a55-84df-0e41b8f895e4&pf_rd_r=79R9J326DN1ZK6MQ2W9C&qid=1790949655&sbo=RZvfv%2F%2FHxDF%2BO5021pAnSA%3D%3D&sr=1-1-6024b2a3-78e4-4fed-8fed-e1613be3bcce-spons&aref=8CnEeIGmQP&sp_csd=d2lkZ2V0TmFtZT1zcF9zZWFyY2hfdGhlbWF0aWM&th=1
Q1,1,AO3401A P-channel MOSFET,"SOT-23, -30 V, about -4 A",Alternative: SI2301; Reverse-polarity protection,https://www.digikey.com/en/products/detail/alpha-omega-semiconductor-inc/AO3401A/1855773
F1,1,Resettable fuse (PTC),About 1.5 A hold,Optional - can find own if wanting to add the current protection,
SW1,1,Power switch,Rated 2 A or more,Optional - can find own if wanting to add the current protection,
U2,1,5 V boost converter,At least 0.5 A output at 3.0 V input,e.g. Pololu U1V11F5; check datasheet,https://www.pololu.com/product/2562
SW2,1,Momentary push button,,Reset button on GPIO 4,https://www.dfrobot.com/product-612.html?srsltid=AU7gw4VQN6zoi4tClS0X5jie5ksWQwwkijMfvnQu9_rUPnRl1soHinGRhoc
"R3, R4",2,Resistor,10 kOhm 1/4 W,Encoder A/B pull-ups to 3V3,
,1,Spool and spring tether mechanism,37.47 mm effective diameter," Measure your own spool, but I linked the exact model here",https://www.acehardware.com/departments/tools/measure-and-marking-tools/tape-measures/2037164?store=12010&isMainPDPRequested=true
,1,"Perfboard or breadboard, hookup wire, connectors",,,
,1,External 18650 charger,,Charging is off-board in v1,